{
"sdkJavaName":"com.ziplinegames.moai.Moaimmsms",  
"sdkDataJavaName":"com.ziplinegames.moai.Moaidataeye",
"appid":"300008384942",
"appkey":"0FAD3E0D8085493A",
"channelId":"0",
"channelName":"MMSMS",
"sdkAdvJavaName":"com.ziplinegames.moai.Moaidomob",
"PublisherID":"96ZJ2vlgzeHxrwTBHE",
"mmsmsValiUrl":"http://mmsms.ultralisk.cn/api/mmquery.php",
"payCodes":[
{"number":"1","money":200,"payCode":"30000838494201"},
{"number":"2","money":500,"payCode":"30000838494202"},
{"number":"26","money":800,"payCode":"30000838494203"},
{"number":"1016","money":800,"payCode":"30000838494203"},
{"number":"24","money":1200,"payCode":"30000838494204"},
{"number":"25","money":200,"payCode":"30000838494211"},
{"number":"21","money":500,"payCode":"30000838494212"},
{"number":"20","money":800,"payCode":"30000838494213"},
{"number":"22","money":1200,"payCode":"30000838494214"},
{"number":"1005","money":200,"payCode":"30000838494201"},
{"number":"1006","money":800,"payCode":"30000838494203"},
{"number":"1007","money":1200,"payCode":"30000838494204"}
]
}