{
"name":"电信",
"comSec":"6a8802c99d7dd56e01045047ab79a41e",
"sdkJavaName":"com.ziplinegames.moai.CommonCTCC",  
"mainActivity":"com.x3gu.gbo.GboActivity",
"dataAppid":"77A0F8031B9CAA2D9AFE38CC237B26DA",
"dataChannel":"CTCC",
"copGameId":"53",
"copChannelId":"201",
"cdkChannel":"2201",
"appid":"0",
"appkey":"ea41786d57961e52e1010358b9212a92",
"channelId":"0",
"channelName":"CTCC",
"sdkAdvJavaName":"com.ziplinegames.moai.Moaidomob",
"PublisherID":"96ZJ2vlgzeHxrwTBHE",
"payCodes":[
{"number":"1","money":100,"payCode":"TOOL15"},
{"number":"2","money":600,"payCode":"TOOL2"},
{"number":"3","money":600,"payCode":"TOOL6"},
{"number":"4","money":600,"payCode":"TOOL11"},
{"number":"5","money":600,"payCode":"TOOL12"},
{"number":"6","money":600,"payCode":"TOOL14"},
{"number":"7","money":600,"payCode":"TOOL17"},
{"number":"8","money":800,"payCode":"TOOL18"},
{"number":"9","money":1000,"payCode":"TOOL16"},
{"number":"10","money":1200,"payCode":"TOOL19"},
{"number":"11","money":1500,"payCode":"TOOL7"},
{"number":"12","money":1800,"payCode":"TOOL5"},
{"number":"13","money":2800,"payCode":"TOOL3"},
{"number":"14","money":2800,"payCode":"TOOL4"},
{"number":"15","money":2800,"payCode":"TOOL10"},
{"number":"16","money":2800,"payCode":"TOOL13"},
{"number":"17","money":3000,"payCode":"TOOL1"},
{"number":"18","money":3000,"payCode":"TOOL8"},
{"number":"19","money":3000,"payCode":"TOOL9"}
]
}