{
"name":"移动MM",
"comSec":"6a8802c99d7dd56e01045047ab79a41e",
"sdkJavaName":"com.ziplinegames.moai.CommonMMSMS",
"mainActivity":"com.x3gu.gbo.GboActivity",
"sdkDataJavaName":"com.ziplinegames.moai.Moaidataeye",
"appid":"300009027612",
"appkey":"797D7B4667219E0B34E2D65B0DD028D1",
"dataAppid":"77A0F8031B9CAA2D9AFE38CC237B26DA",
"dataChannel":"MMSMS",
"channelId":"0",
"copGameId":"53",
"copChannelId":"201",
"channelName":"MMSMS",
"cdkChannel":"2201",
"sdkAdvJavaName":"com.ziplinegames.moai.Moaidomob",
"PublisherID":"96ZJ2vlgzeHxrwTBHE",
"mmsmsValiUrl":"http://mmsms.ultralisk.cn/api/mmquery.php",
"payCodes":[
{"number":"1","money":3000,"payCode":"30000902761201"},
{"number":"2","money":600,"payCode":"30000902761202"},
{"number":"3","money":2800,"payCode":"30000902761203"},
{"number":"4","money":2800,"payCode":"30000902761204"},
{"number":"5","money":1800,"payCode":"30000902761205"},
{"number":"6","money":600,"payCode":"30000902761206"},
{"number":"7","money":1500,"payCode":"30000902761207"},
{"number":"8","money":3000,"payCode":"30000902761208"},
{"number":"9","money":3000,"payCode":"30000902761209"},
{"number":"10","money":2800,"payCode":"30000902761210"},
{"number":"11","money":600,"payCode":"30000902761211"},
{"number":"12","money":600,"payCode":"30000902761212"},
{"number":"13","money":2800,"payCode":"30000902761213"},
{"number":"14","money":600,"payCode":"30000902761214"},
{"number":"15","money":100,"payCode":"30000902761215"},
{"number":"16","money":1000,"payCode":"30000902761216"},
{"number":"17","money":600,"payCode":"30000902761217"},
{"number":"18","money":800,"payCode":"30000902761218"},
{"number":"19","money":1200,"payCode":"30000902761219"}
]
}