{
"name":"联通",
"comSec":"6a8802c99d7dd56e01045047ab79a41e",
"sdkJavaName":"com.ziplinegames.moai.CommonUnipay",  
"mainActivity":"com.x3gu.gbo.GboActivity",
"dataAppid":"77A0F8031B9CAA2D9AFE38CC237B26DA",
"dataChannel":"UNIPAY",
"copGameId":"53",
"copChannelId":"201",
"cdkChannel":"2201",
"gateWayUrl":"http://mysggw001.ultralisk.cn:20101/",
"gateWayPath":"sdk/cmgc/auth",
"channelName":"UNIPAY",
"sdkAdvJavaName":"com.ziplinegames.moai.Moaidomob",
"PublisherID":"96ZJ2vlgzeHxrwTBHE",
"payCodes":[
{"number":"1","money":1200,"payCode":"019"},
{"number":"2","money":800,"payCode":"018"},
{"number":"3","money":600,"payCode":"017"},
{"number":"4","money":1000,"payCode":"016"},
{"number":"5","money":100,"payCode":"015"},
{"number":"6","money":600,"payCode":"014"},
{"number":"7","money":2800,"payCode":"013"},
{"number":"8","money":600,"payCode":"012"},
{"number":"9","money":600,"payCode":"011"},
{"number":"10","money":2800,"payCode":"010"},
{"number":"11","money":3000,"payCode":"009"},
{"number":"12","money":3000,"payCode":"008"},
{"number":"13","money":1500,"payCode":"007"},
{"number":"14","money":600,"payCode":"006"},
{"number":"15","money":1800,"payCode":"005"},
{"number":"16","money":2800,"payCode":"004"},
{"number":"17","money":2800,"payCode":"003"},
{"number":"18","money":600,"payCode":"002"},
{"number":"19","money":3000,"payCode":"001"}
]
}